fpr,probability,name,timetoloadsec,size
"0.005","0.00417074796925163","harvest-2020_prob_opt5_murmur_0.005","12826.550921003","2147483647"
"0.01","0.006568315636381866","harvest-2020_prob_opt5_murmur_0.01","12846.50394012","1917011685"
"0.05",0.03242354898684507,"",12605.613721426,"1247044840"